<?xml version="1.0" encoding="utf-8"?>
<DGVEPdfExportSettings xmlns:xsi="http://www.w3.org/2001/XMLSchema-instance" xmlns:xsd="http://www.w3.org/2001/XMLSchema">
  <SettingsId>30070621-fa4f-4212-ba51-524fe799acc2</SettingsId>
  <ExportFileName>E:\Projects\VBNet\SalesInventory\SalesInventory\bin\Debug\Export.pdf</ExportFileName>
  <ExportColumnHeaders>true</ExportColumnHeaders>
  <ExportRowHeaders>true</ExportRowHeaders>
  <ExportVisualStyles>true</ExportVisualStyles>
  <ExportHiddenRows>false</ExportHiddenRows>
  <ExportHiddenColumns>false</ExportHiddenColumns>
  <SerialzedTrueValue xsi:type="xsd:boolean">true</SerialzedTrueValue>
  <SerialzedFalseValue xsi:type="xsd:boolean">false</SerialzedFalseValue>
  <OpenFileAfterGeneration>false</OpenFileAfterGeneration>
  <ExportImages>true</ExportImages>
  <AddExtension>true</AddExtension>
  <PdfPaperSize>
    <Height>1100</Height>
    <PaperName>Letter</PaperName>
    <RawKind>1</RawKind>
    <Width>850</Width>
  </PdfPaperSize>
  <HeaderTextColorAsInteger>-16777216</HeaderTextColorAsInteger>
  <HeaderTextFontAsString>Microsoft Sans Serif, 8.25pt</HeaderTextFontAsString>
</DGVEPdfExportSettings>