<?xml version="1.0" encoding="utf-8"?>
<DGVEPrintSettings xmlns:xsi="http://www.w3.org/2001/XMLSchema-instance" xmlns:xsd="http://www.w3.org/2001/XMLSchema">
  <PrintedPaperSize>
    <Height>1100</Height>
    <PaperName>Letter</PaperName>
    <RawKind>1</RawKind>
    <Width>850</Width>
  </PrintedPaperSize>
  <HeaderTextColorAsInteger>-16777216</HeaderTextColorAsInteger>
  <HeaderTextFontAsString>Microsoft Sans Serif, 8.25pt</HeaderTextFontAsString>
  <TableHorizontalAlignment>Center</TableHorizontalAlignment>
  <PrintRowHeaders>false</PrintRowHeaders>
  <PrintVisualStyles>false</PrintVisualStyles>
  <PrintImages>false</PrintImages>
</DGVEPrintSettings>