<?xml version="1.0" encoding="utf-8"?>
<DGVEExcelExportSettings xmlns:xsi="http://www.w3.org/2001/XMLSchema-instance" xmlns:xsd="http://www.w3.org/2001/XMLSchema">
  <SettingsId>18283a28-0040-472e-99e6-db49f9cccc80</SettingsId>
  <ExportFileName>E:\Projects\VBNet\SalesInventory\SalesInventory\bin\Debug\Export.xls</ExportFileName>
  <ExportColumnHeaders>true</ExportColumnHeaders>
  <ExportRowHeaders>true</ExportRowHeaders>
  <ExportVisualStyles>true</ExportVisualStyles>
  <ExportHiddenRows>false</ExportHiddenRows>
  <ExportHiddenColumns>false</ExportHiddenColumns>
  <SerialzedTrueValue xsi:type="xsd:boolean">true</SerialzedTrueValue>
  <SerialzedFalseValue xsi:type="xsd:boolean">false</SerialzedFalseValue>
  <OpenFileAfterGeneration>false</OpenFileAfterGeneration>
  <ExportImages>true</ExportImages>
  <AddExtension>true</AddExtension>
</DGVEExcelExportSettings>