﻿<?xml version="1.0"?>
<doc>
<assembly>
<name>
SalesInventory
</name>
</assembly>
<members>
<member name="T:SalesInventory.My.Resources.Resources">
<summary>
  A strongly-typed resource class, for looking up localized strings, etc.
</summary>
</member>
<member name="P:SalesInventory.My.Resources.Resources.ResourceManager">
<summary>
  Returns the cached ResourceManager instance used by this class.
</summary>
</member>
<member name="P:SalesInventory.My.Resources.Resources.Culture">
<summary>
  Overrides the current thread's CurrentUICulture property for all
  resource lookups using this strongly typed resource class.
</summary>
</member>
<member name="P:SalesInventory.My.Resources.Resources._error">
<summary>
  Looks up a localized resource of type System.Drawing.Bitmap.
</summary>
</member>
<member name="P:SalesInventory.My.Resources.Resources.information">
<summary>
  Looks up a localized resource of type System.Drawing.Bitmap.
</summary>
</member>
<member name="P:SalesInventory.My.Resources.Resources.user">
<summary>
  Looks up a localized resource of type System.Drawing.Bitmap.
</summary>
</member>
<member name="T:SalesInventory.ClassPrintSales">
 <summary>
 Class for sales items object that will be used for printing sales reports
 </summary>
 <remarks></remarks>
</member>
<member name="M:SalesInventory.frmListOfInventoryReport.LoadArea(System.String,System.Int32)">
 <summary>
 Loads area list from the database
 </summary>
 <param name="strSearch"></param>
 <param name="intAction"></param>
 <returns></returns>
 <remarks></remarks>
</member>
<member name="M:SalesInventory.frmListOfInventoryReport.LoadBirdsReceiving(System.String,System.Int32)">
 <summary>
 Loads live birds receiving
 </summary>
 <param name="strSearch"></param>
 <param name="intAction"></param>
 <returns></returns>
 <remarks></remarks>
</member>
<member name="M:SalesInventory.frmListOfItemsPriceHistory.InitGrid">
 <summary>
 Sets datagridview's columns' header text and width.
 
 </summary>
 <remarks></remarks>
</member>
<member name="M:SalesInventory.frmBackupData.BackupFull(System.String,System.String)">
 <summary>
 Generates full back-up of the database.
 </summary>
 <param name="strBackupPath"></param>
 <param name="strBackupName"></param>
 <returns></returns>
 <remarks>
 July 02, 2012 02:18 PM
 JA Reyes
 </remarks>
</member>
<member name="M:SalesInventory.frmBackupData.BackupStructureOnly(System.String,System.String)">
 <summary>
 Generates the SQL schema of the database.
 </summary>
 <param name="strBackupPath"></param>
 <param name="strBackupName"></param>
 <returns></returns>
 <remarks>
 July 02, 2012 2:19 PM
 JA Reyes
 </remarks>
</member>
<member name="M:SalesInventory.frmBackupData.RestoreFullDatabase(System.String,System.String)">
 <summary>
 Restores the database using the previous back-up generated.
 </summary>
 <param name="strBackupPath"></param>
 <param name="strBackupName"></param>
 <remarks>
 July 02, 2012 02:37 PM
 JA Reyes
 </remarks>
</member>
<member name="M:SalesInventory.frmBackupData.RestoreUsingMySQLDump(System.String,System.String,System.String)">
 <summary>
 Restore database using mysqldump.
 </summary>
 <param name="strBackupName"></param>
 <param name="strTitle"></param>
 <returns></returns>
 <remarks></remarks>
</member>
<member name="P:SalesInventory.frmInfoMessageBox.MessageType">
 <summary>
 Info - Shows information
 Error - Shows error
 </summary>
 <value></value>
 <returns></returns>
 <remarks></remarks>
</member>
<member name="P:SalesInventory.frmInfoMessageBox.Message">
 <summary>
 Message - the message to be shown
 </summary>
 <value></value>
 <returns></returns>
 <remarks></remarks>
</member>
<member name="P:SalesInventory.frmInfoMessageBox.FormCaption">
 <summary>
 Caption to be displayed in the form.
 </summary>
 <value></value>
 <returns></returns>
 <remarks></remarks>
</member>
<member name="M:SalesInventory.frmLocationMap.MapAddress">
 <summary>
 Map a physical address
 </summary>
 <remarks></remarks>
</member>
<member name="M:SalesInventory.frmLocationMap.MapCoordinates">
 <summary>
 Map a location by latitude and longitude
 </summary>
 <remarks></remarks>
</member>
<member name="M:SalesInventory.frmMain.DisableEnableMenus(System.Boolean,System.String)">
 <summary>
 Initializes the application's menus
 </summary>
 <param name="boolIsLogged"></param>
 <param name="strPrivilege"></param>
 <remarks></remarks>
</member>
<member name="M:SalesInventory.frmAddEditARPayments.LoadCustomerUnpaidDR(System.Int32)">
 <summary>
 
 </summary>
 <param name="intCustID"></param>
 <returns></returns>
 <remarks></remarks>
</member>
<member name="M:SalesInventory.frmAddEditDRIn.SetItemIntoTheList(System.Int32,System.Data.DataTable)">
 <summary>
 Inserts selected item into the list.
 </summary>
 <param name="intItemID"></param>
 <param name="TheList"></param>
 <remarks></remarks>
</member>
<member name="M:SalesInventory.frmAddEditDRIn.SetLineTotal(System.Windows.Forms.DataGridView)">
 <summary>
 Calculate line total of line items 
 </summary>
 <param name="TheGrid"></param>
 <returns></returns>
 <remarks>
 July 05, 2012 03:04 PM
 JA Reyes
 </remarks>
</member>
<member name="M:SalesInventory.frmAddEditDROut.SetItemIntoTheList(System.Int32,System.Data.DataTable)">
 <summary>
 Inserts selected item into the list.
 </summary>
 <param name="intItemID"></param>
 <param name="TheList"></param>
 <remarks></remarks>
</member>
<member name="M:SalesInventory.frmAddEditDROut.SetLineTotal(System.Windows.Forms.DataGridView)">
 <summary>
 Calculate line total of line items 
 </summary>
 <param name="TheGrid"></param>
 <returns></returns>
 <remarks>
 July 05, 2012 03:04 PM
 JA Reyes
 </remarks>
</member>
<member name="M:SalesInventory.frmAddEditJobOrder.PrintOrderSlipDotMatrix">
 <summary>
 Prints order slip in a dot matrix printer, using the EPL code
 
 </summary>
 <remarks></remarks>
</member>
<member name="M:SalesInventory.frmAddEditPurchaseReturn.SetItemIntoTheList(System.Int32,System.Data.DataTable)">
 <summary>
 Inserts selected item into the list.
 </summary>
 <param name="intItemID"></param>
 <param name="TheList"></param>
 <remarks></remarks>
</member>
<member name="M:SalesInventory.frmAddEditPurchaseReturn.SetLineTotal(System.Windows.Forms.DataGridView)">
 <summary>
 Calculate line total of line items 
 </summary>
 <param name="TheGrid"></param>
 <returns></returns>
 <remarks>
 July 05, 2012 03:04 PM
 JA Reyes
 </remarks>
</member>
<member name="M:SalesInventory.frmAddEditSalesRegister.PrintOrderSlipDotMatrix">
 <summary>
 Prints order slip in a dot matrix printer, using the EPL code
 
 </summary>
 <remarks></remarks>
</member>
<member name="M:SalesInventory.frmAddEditSalesRegister.PrintCertificate(System.String)">
 <summary>
 Print SO
 </summary>
 <remarks></remarks>
</member>
<member name="M:SalesInventory.ModDatabase.GetConnectionString">
 <summary>
 Generates database connection string 
 </summary>
 <returns></returns>
 <remarks></remarks>
</member>
<member name="M:SalesInventory.ModDatabase.SIGetDataAndReturnADataTable(System.String,System.String,System.Int32,System.Collections.Generic.Dictionary{System.String,System.String})">
 <summary>
 Retrieve data and returns data table.
 </summary>
 <param name="strConn"></param>
 <param name="strQuery"></param>
 <param name="intCommandType"></param>
 <param name="paramList"></param>
 <returns></returns>
 <remarks>
 A generic method of executing sql statement. Accepts any number of parameters to pass to the sql statement.
 June 29, 2012 1:53 PM JA Reyes
 </remarks>
</member>
<member name="M:SalesInventory.ModDatabase.SIExecuteSPNonQuery(System.String,System.String,System.Int32,System.Collections.Generic.Dictionary{System.String,System.String})">
 <summary>
 Executes a sql statement. Returns boolean, True if successful.
 </summary>
 <param name="strConn"></param>
 <param name="strQuery"></param>
 <param name="intCommandType"></param>
 <param name="paramList"></param>
 <returns></returns>
 <remarks>
 A generic method of executing sql statement. Accepts any number of parameters to pass to the sql statement.
 June 29, 2012 1:57 PM JA Reyes
 </remarks>
</member>
<member name="M:SalesInventory.ModProcedures.RunAForm(System.Windows.Forms.Form,System.String,System.Int32,System.Int32)">
 <summary>
 Loads form.
 TheForm: The form to be loaded.
 strCaption: Caption of the form.
 intDialogOrNot: show form modally or not. 1 = not modal else show modally.
 intWindowState: 0=Normal, 1=Minimized, 2=Maximized.
 </summary>
 <param name="TheForm"></param>
 <param name="strCaption"></param>
 <param name="intDialogOrNot"></param>
 <param name="intWindowState"></param>
 <remarks></remarks>
</member>
<member name="M:SalesInventory.ModProcedures.SearchTheGrid(System.String,System.Int32,System.Windows.Forms.DataGridView)">
 <summary>
 Prcedure to search the datagridview by column
 </summary>
 <param name="strSearch"> The string to be searched.</param>
 <param name="intCol"> The column in the datagridview to be searched</param>
 <param name="dvgGrid"> The datagridview</param>
 <remarks></remarks>
</member>
<member name="M:SalesInventory.ModProcedures.SetDevExpressManager">
 <summary>
 Method to initialize DevExpress skin manager.
 Import Imports DevExpress.Skins.
 Put this method in the main form load event, or method that is called first in the application
 </summary>
 <remarks></remarks>
</member>
<member name="M:SalesInventory.ModProcedures.ShowInformationMessage(System.String,System.String)">
 <summary>
 Shows information box. Message = the message to be shown. MessageType = Info,Error
 </summary>
 <param name="strMessage"></param>
 <param name="strMessageType"></param>
 <remarks></remarks>
</member>
<member name="M:SalesInventory.ModProcedures.TranslateDateToMysqlDate(System.DateTime)">
 <summary>
 Translates date to the mysql date format.
 </summary>
 <param name="dtDate"></param>
 <returns></returns>
 <remarks></remarks>
</member>
<member name="M:SalesInventory.ModProcedures.HideSpecificCellValuesInDataGridView(System.Windows.Forms.DataGridView,System.Object,System.Windows.Forms.DataGridViewCellPaintingEventArgs,System.Int32)">
 <summary>
 Hide specific cell values in DataGridView
 </summary>
 <param name="dgv">The datagridview control</param>
 <param name="sender"></param>
 <param name="e"></param>
 <param name="intIndex">the index of the column to hide values</param>
 <remarks></remarks>
</member>
<member name="T:SalesInventory.ModuleEventLogging">
 <summary>
 Methods for logging system events; errors, alerts and others.
 May 22, 2012 - 12:21 PM
 </summary>
 <remarks></remarks>
 
</member>
<member name="M:SalesInventory.ModuleEventLogging.LogEvent(System.String,System.String,System.String,System.String,System.String)">
 <summary>
 Logs events of the application into a text file.
 </summary>
 <param name="strUserName">Current user logged in</param>
 <param name="strTerminal">Current terminal</param>
 <param name="strModule">Name of the module</param>
 <param name="strError">The error message</param>
 <param name="strEventType">Event type</param>
 <returns>Returns true if logging is successful</returns>
 <remarks></remarks>
</member>
<member name="T:SalesInventory.salesinventoryDataSet2">
<summary>
Represents a strongly typed in-memory cache of data.
</summary>
</member>
<member name="T:SalesInventory.salesinventoryDataSet2TableAdapters.QueriesTableAdapter">
<summary>
Represents the connection and commands used to retrieve and save data.
</summary>
</member>
<member name="T:SalesInventory.salesinventoryDataSet3">
<summary>
Represents a strongly typed in-memory cache of data.
</summary>
</member>
<member name="T:SalesInventory.salesinventoryDataSet3TableAdapters.QueriesTableAdapter">
<summary>
Represents the connection and commands used to retrieve and save data.
</summary>
</member>
</members>
</doc>
